{"farClipRatio":20.0,"fov":45.0,"nearClipRatio":0.005,"projectionMode":"Perspective","viewMat":[0.929264843463898,-4.65661287307739e-10,0.369414061307907,0.0011205350747332,0.121202372014523,0.944645524024963,-0.304885923862457,-0.00186899153050035,-0.348965376615524,0.328093558549881,0.877826452255249,-3.08444786071777,0.0,0.0,0.0,1.0],"windowHeight":1016,"windowWidth":1850}