{"farClipRatio":20.0,"fov":45.0,"nearClipRatio":0.005,"projectionMode":"Perspective","viewMat":[0.860750913619995,-7.21774995326996e-09,0.509027123451233,-0.0697250515222549,0.0657652914524078,0.991619050502777,-0.1112075522542,-0.0407019853591919,-0.504761695861816,0.129197761416435,0.853537857532501,-3.96196579933167,0.0,0.0,0.0,1.0],"windowHeight":1016,"windowWidth":1850}