{"farClipRatio":20.0,"fov":45.0,"nearClipRatio":0.005,"projectionMode":"Perspective","viewMat":[0.77004063129425,1.62981450557709e-09,0.637995004653931,0.00198091054335237,-0.171411633491516,0.963231682777405,0.206888645887375,-0.00204209657385945,-0.614537179470062,-0.268672436475754,0.741727471351624,-3.68845129013062,0.0,0.0,0.0,1.0],"windowHeight":1016,"windowWidth":1850}