{"farClipRatio":20.0,"fov":45.0,"nearClipRatio":0.005,"projectionMode":"Perspective","viewMat":[0.754652082920074,-4.42378222942352e-09,0.656127870082855,-0.0838326811790466,0.41495144367218,0.774622976779938,-0.477259397506714,0.0589573942124844,-0.508252441883087,0.632425248622894,0.584569990634918,-3.69762706756592,0.0,0.0,0.0,1.0],"windowHeight":1016,"windowWidth":1850}