{"farClipRatio":20.0,"fov":45.0,"nearClipRatio":0.005,"projectionMode":"Perspective","viewMat":[0.9948410987854,5.23868948221207e-10,0.101446785032749,0.345132440328598,0.0119176926091313,0.993075549602509,-0.116871319711208,0.344144314527512,-0.100744403898716,0.117477372288704,0.987953007221222,-1.79990410804749,0.0,0.0,0.0,1.0],"windowHeight":1016,"windowWidth":1850}