{"farClipRatio":20.0,"fov":45.0,"nearClipRatio":0.005,"projectionMode":"Perspective","viewMat":[0.848403692245483,-2.79396772384644e-09,-0.52935391664505,-0.0789590328931808,-0.000265600596321747,-1.00000214576721,-0.00042521464638412,-0.0318787693977356,-0.529353260993958,0.000500620109960437,-0.848405301570892,-2.84600806236267,0.0,0.0,0.0,1.0],"windowHeight":1016,"windowWidth":1850}