{"farClipRatio":20.0,"fov":45.0,"nearClipRatio":0.005,"projectionMode":"Perspective","viewMat":[0.823987364768982,-1.39698386192322e-09,0.566608250141144,0.0990621820092201,0.147535100579262,0.965505719184875,-0.214552268385887,-0.0442700609564781,-0.547063708305359,0.260382741689682,0.795564949512482,-2.56059050559998,0.0,0.0,0.0,1.0],"windowHeight":1016,"windowWidth":1846}