{"farClipRatio":20.0,"fov":45.0,"nearClipRatio":0.005,"projectionMode":"Perspective","viewMat":[0.999065399169922,-2.61934474110603e-09,0.0432299748063087,-0.140429139137268,0.0375163406133652,0.496859073638916,-0.867019712924957,0.380435645580292,-0.0214792136102915,0.867831289768219,0.496394604444504,-8.19248390197754,0.0,0.0,0.0,1.0],"windowHeight":1016,"windowWidth":1850}