{"farClipRatio":20.0,"fov":45.0,"nearClipRatio":0.005,"projectionMode":"Perspective","viewMat":[0.918365061283112,-0.395544588565826,-0.0122897177934647,0.00588202103972435,0.0960306376218796,0.192620322108269,0.976563692092896,0.0590755827724934,-0.383907169103622,-0.898023009300232,0.214881166815758,-4.12938213348389,0.0,0.0,0.0,1.0],"windowHeight":1016,"windowWidth":1850}