{"farClipRatio":20.0,"fov":45.0,"nearClipRatio":0.005,"projectionMode":"Perspective","viewMat":[0.895812809467316,6.98491930961609e-10,-0.44443267583847,0.000113840447738767,-0.130850791931152,0.955675482749939,-0.263747751712799,0.00509691704064608,0.42473316192627,0.294422596693039,0.856105744838715,-2.78165006637573,0.0,0.0,0.0,1.0],"windowHeight":1016,"windowWidth":1850}