{"farClipRatio":20.0,"fov":45.0,"nearClipRatio":0.005,"projectionMode":"Perspective","viewMat":[0.919875741004944,-4.19095158576965e-09,0.392210632562637,-0.0122562684118748,0.171443417668343,0.899403035640717,-0.402096837759018,0.121764004230499,-0.352755546569824,0.437120795249939,0.827338814735413,-3.0736231803894,0.0,0.0,0.0,1.0],"windowHeight":1016,"windowWidth":1846}