{"farClipRatio":20.0,"fov":45.0,"nearClipRatio":0.005,"projectionMode":"Perspective","viewMat":[0.75465053319931,-2.3283064365387e-10,0.656127572059631,0.0138985244557261,0.256241530179977,0.920587718486786,-0.294718354940414,-0.0884339660406113,-0.604023158550262,0.390536099672318,0.694721758365631,-4.31998586654663,0.0,0.0,0.0,1.0],"windowHeight":1016,"windowWidth":1850}