{"farClipRatio":20.0,"fov":45.0,"nearClipRatio":0.005,"projectionMode":"Perspective","viewMat":[0.830790042877197,0.0,0.556585550308228,0.00388257019221783,0.276229828596115,0.868155300617218,-0.412315845489502,-0.000549982767552137,-0.483202487230301,0.496293514966965,0.721254706382751,-3.35969114303589,0.0,0.0,0.0,1.0],"windowHeight":1016,"windowWidth":1850}