{"farClipRatio":20.0,"fov":45.0,"nearClipRatio":0.005,"projectionMode":"Perspective","viewMat":[0.543028831481934,7.10133463144302e-09,-0.839715838432312,-0.0816871449351311,-0.327939838171005,0.920589685440063,-0.212072029709816,0.141007989645004,0.773032188415527,0.390536367893219,0.499905556440353,-2.55488061904907,0.0,0.0,0.0,1.0],"windowHeight":1016,"windowWidth":1850}