{"farClipRatio":20.0,"fov":45.0,"nearClipRatio":0.005,"projectionMode":"Perspective","viewMat":[0.58058363199234,-1.16415321826935e-09,0.81420224905014,0.0192364454269409,0.344328492879868,0.906174838542938,-0.245530799031258,0.107598632574081,-0.737808763980865,0.422903537750244,0.526110708713531,-4.65580463409424,0.0,0.0,0.0,1.0],"windowHeight":1016,"windowWidth":1850}