{"farClipRatio":20.0,"fov":45.0,"nearClipRatio":0.005,"projectionMode":"Perspective","viewMat":[0.917658746242523,-2.3283064365387e-10,0.397369533777237,0.000146417529322207,0.191754907369614,0.875862896442413,-0.442826151847839,-0.00288966461084783,-0.348041087388992,0.482560694217682,0.803742647171021,-2.5072033405304,0.0,0.0,0.0,1.0],"windowHeight":752,"windowWidth":1387}