{"farClipRatio":20.0,"fov":45.0,"nearClipRatio":0.005,"projectionMode":"Perspective","viewMat":[-0.487481981515884,6.98491930961609e-10,0.87313312292099,-0.375731617212296,-0.15419103205204,0.984284162521362,-0.0860868394374847,-0.130249336361885,-0.859411001205444,-0.17659555375576,-0.47982057929039,-4.15765905380249,0.0,0.0,0.0,1.0],"windowHeight":1016,"windowWidth":1850}