{"farClipRatio":20.0,"fov":45.0,"nearClipRatio":0.005,"projectionMode":"Perspective","viewMat":[0.913820922374725,-2.79396772384644e-09,0.406117349863052,0.107845164835453,0.167389944195747,0.911106646060944,-0.376650869846344,-0.0749598145484924,-0.370016574859619,0.412171185016632,0.832588016986847,-2.86943936347961,0.0,0.0,0.0,1.0],"windowHeight":1016,"windowWidth":1846}