{"farClipRatio":20.0,"fov":45.0,"nearClipRatio":0.005,"projectionMode":"Perspective","viewMat":[-0.660208284854889,7.33416527509689e-09,0.751083195209503,0.0381818749010563,-0.365504205226898,0.873605012893677,-0.321281522512436,-0.538836181163788,-0.656150043010712,-0.486636370420456,-0.57676100730896,-1.34483909606934,0.0,0.0,0.0,1.0],"windowHeight":1016,"windowWidth":1850}