{"farClipRatio":20.0,"fov":45.0,"nearClipRatio":0.005,"projectionMode":"Perspective","viewMat":[0.898244023323059,-4.65661287307739e-10,0.439496517181396,-0.0150949954986572,0.150715947151184,0.939361751079559,-0.308033794164658,0.0875305160880089,-0.412846118211746,0.342928618192673,0.84377658367157,-2.00482773780823,0.0,0.0,0.0,1.0],"windowHeight":1016,"windowWidth":1846}