{"farClipRatio":20.0,"fov":45.0,"nearClipRatio":0.005,"projectionMode":"Perspective","viewMat":[-0.995292603969574,-0.0955872088670731,-0.0162606183439493,0.897182404994965,0.0109230633825064,-0.277203440666199,0.96075701713562,-1.70714247226715,-0.0963435620069504,0.956052839756012,0.276941657066345,-17.7463817596436,0.0,0.0,0.0,1.0],"windowHeight":1016,"windowWidth":1850}