{"farClipRatio":20.0,"fov":45.0,"nearClipRatio":0.005,"projectionMode":"Perspective","viewMat":[-0.674676060676575,-0.280390828847885,-0.68278443813324,-0.00301605393178761,0.566241145133972,0.396775603294373,-0.722454607486725,0.0345409661531448,0.473481386899948,-0.87404328584671,-0.108926363289356,-3.35978269577026,0.0,0.0,0.0,1.0],"windowHeight":1016,"windowWidth":1850}