{"farClipRatio":20.0,"fov":45.0,"nearClipRatio":0.005,"projectionMode":"Perspective","viewMat":[0.878875136375427,8.84756445884705e-09,0.477051883935928,0.0131998751312494,0.165357708930969,0.938004791736603,-0.304639667272568,0.137019410729408,-0.447477012872696,0.346624255180359,0.824388980865479,-4.23420095443726,0.0,0.0,0.0,1.0],"windowHeight":1016,"windowWidth":1850}