{"farClipRatio":20.0,"fov":45.0,"nearClipRatio":0.005,"projectionMode":"Perspective","viewMat":[0.855197787284851,6.98491930961609e-10,0.518302500247955,-0.000487292563775554,0.251897662878036,0.873956322669983,-0.415630668401718,-0.000711024506017566,-0.452973455190659,0.486005187034607,0.747405230998993,-2.64872241020203,0.0,0.0,0.0,1.0],"windowHeight":1016,"windowWidth":1850}