{"farClipRatio":20.0,"fov":45.0,"nearClipRatio":0.005,"projectionMode":"Perspective","viewMat":[0.887205302715302,7.56699591875076e-09,0.461375445127487,-0.0159062594175339,0.139307260513306,0.953328430652618,-0.267881751060486,-0.146487101912498,-0.439842343330383,0.30193817615509,0.845797836780548,-3.15932393074036,0.0,0.0,0.0,1.0],"windowHeight":1016,"windowWidth":1846}